wall_time,unknown,free,occupied,known_frac
1791064257.660,156986,2708,306,0.018838
1791064262.684,156986,2708,306,0.018838
1791064267.659,156985,2708,307,0.018844
1791064272.664,156170,3469,361,0.023938
1791064277.663,154689,4819,492,0.033194
1791064282.659,154031,5394,575,0.037306
1791064287.662,153810,5595,595,0.038687
1791064292.662,153151,6172,677,0.042806
1791064297.664,153072,6227,701,0.043300
1791064302.661,152526,6733,741,0.046712
1791064307.664,152258,6909,833,0.048387
1791064312.661,151700,7528,772,0.051875
1791064317.661,151581,7609,810,0.052619
1791064322.660,151413,7750,837,0.053669
1791064327.660,151397,7752,851,0.053769
1791064332.659,151397,7752,851,0.053769
1791064337.661,151397,7752,851,0.053769
